<?xml version="1.0" encoding="UTF-8"?>
<project-private xmlns="http://www.netbeans.org/ns/project-private/1">
    <editor-bookmarks xmlns="http://www.netbeans.org/ns/editor-bookmarks/2" lastBookmarkId="0"/>
    <open-files xmlns="http://www.netbeans.org/ns/projectui-open-files/2">
        <group>
            <file>file:/C:/Users/Lucas/Documents/NetBeansProjects/ProjWebSytemEcommerce_v2/ProjWebSytemEcommerce6/web/produto/alt_prod.jsp</file>
            <file>file:/C:/Users/Lucas/Documents/NetBeansProjects/ProjWebSytemEcommerce_v2/ProjWebSytemEcommerce6/web/control/alterar_prod.jsp</file>
            <file>file:/C:/Users/Lucas/Documents/NetBeansProjects/ProjWebSytemEcommerce_v2/ProjWebSytemEcommerce6/web/venda/alt_venda.jsp</file>
            <file>file:/C:/Users/Lucas/Documents/NetBeansProjects/ProjWebSytemEcommerce_v2/ProjWebSytemEcommerce6/web/produto/alt_cupom.jsp</file>
            <file>file:/C:/Users/Lucas/Documents/NetBeansProjects/ProjWebSytemEcommerce_v2/ProjWebSytemEcommerce6/web/produto/lista_prod.jsp</file>
        </group>
    </open-files>
</project-private>
